<?xml version="1.0" encoding="UTF-8"?><rss version="2.0"
	xmlns:content="http://purl.org/rss/1.0/modules/content/"
	xmlns:wfw="http://wellformedweb.org/CommentAPI/"
	xmlns:dc="http://purl.org/dc/elements/1.1/"
	xmlns:atom="http://www.w3.org/2005/Atom"
	xmlns:sy="http://purl.org/rss/1.0/modules/syndication/"
	xmlns:slash="http://purl.org/rss/1.0/modules/slash/"
	>

<channel>
	<title>Products &#8211; WebPRO</title>
	<atom:link href="/shop/feed/" rel="self" type="application/rss+xml" />
	<link></link>
	<description></description>
	<lastBuildDate>Wed, 20 Jun 2018 07:25:44 +0000</lastBuildDate>
	<language>en-US</language>
	<sy:updatePeriod>
	hourly	</sy:updatePeriod>
	<sy:updateFrequency>
	1	</sy:updateFrequency>
	<generator>https://wordpress.org/?v=5.2.3</generator>

<image>
	<url>/wp-content/uploads/2019/09/cropped-mylogo-1-32x32.png</url>
	<title>Products &#8211; WebPRO</title>
	<link></link>
	<width>32</width>
	<height>32</height>
</image> 
	<item>
		<title>Father&#8217;s Day Coffee Mug</title>
		<link>/product/fathers-day-coffee-mug/</link>
				<pubDate>Wed, 20 Jun 2018 07:25:44 +0000</pubDate>
		<dc:creator><![CDATA[Harold Sumbrana]]></dc:creator>
		
		<guid isPermaLink="false">http://localhost/harshad/?post_type=product&#038;p=245</guid>
				<description><![CDATA[<p>				Neque porro quisquam est, qui dolore ipsum quia dolor sit amet, consectetur adipisci velit, sed quia non incidunt lores ta porro ame. numquam eius modi tempora incidunt lores ta porro ame.		</p>
<p>The post <a rel="nofollow" href="/product/fathers-day-coffee-mug/">Father&#8217;s Day Coffee Mug</a> appeared first on <a rel="nofollow" href="">WebPRO</a>.</p>
]]></description>
								<content:encoded><![CDATA[<p>				Neque porro quisquam est, qui dolore ipsum quia dolor sit amet, consectetur adipisci velit, sed quia non incidunt lores ta porro ame. numquam eius modi tempora incidunt lores ta porro ame.		</p>
<p>The post <a rel="nofollow" href="/product/fathers-day-coffee-mug/">Father&#8217;s Day Coffee Mug</a> appeared first on <a rel="nofollow" href="">WebPRO</a>.</p>
]]></content:encoded>
										</item>
		<item>
		<title>Personalised Mug</title>
		<link>/product/personalised-mug/</link>
				<pubDate>Wed, 20 Jun 2018 07:16:56 +0000</pubDate>
		<dc:creator><![CDATA[Harold Sumbrana]]></dc:creator>
		
		<guid isPermaLink="false">http://localhost/harshad/?post_type=product&#038;p=243</guid>
				<description><![CDATA[<p>				Neque porro quisquam est, qui dolore ipsum quia dolor sit amet, consectetur adipisci velit, sed quia non incidunt lores ta porro ame. numquam eius modi tempora incidunt lores ta porro ame.		</p>
<p>The post <a rel="nofollow" href="/product/personalised-mug/">Personalised Mug</a> appeared first on <a rel="nofollow" href="">WebPRO</a>.</p>
]]></description>
								<content:encoded><![CDATA[<p>				Neque porro quisquam est, qui dolore ipsum quia dolor sit amet, consectetur adipisci velit, sed quia non incidunt lores ta porro ame. numquam eius modi tempora incidunt lores ta porro ame.		</p>
<p>The post <a rel="nofollow" href="/product/personalised-mug/">Personalised Mug</a> appeared first on <a rel="nofollow" href="">WebPRO</a>.</p>
]]></content:encoded>
										</item>
		<item>
		<title>Valentine&#8217;s Day Special Mug</title>
		<link>/product/valentines-day-special-mug/</link>
				<pubDate>Wed, 20 Jun 2018 07:16:12 +0000</pubDate>
		<dc:creator><![CDATA[Harold Sumbrana]]></dc:creator>
		
		<guid isPermaLink="false">http://localhost/harshad/?post_type=product&#038;p=242</guid>
				<description><![CDATA[<p>				Neque porro quisquam est, qui dolore ipsum quia dolor sit amet, consectetur adipisci velit, sed quia non incidunt lores ta porro ame. numquam eius modi tempora incidunt lores ta porro ame.		</p>
<p>The post <a rel="nofollow" href="/product/valentines-day-special-mug/">Valentine&#8217;s Day Special Mug</a> appeared first on <a rel="nofollow" href="">WebPRO</a>.</p>
]]></description>
								<content:encoded><![CDATA[<p>				Neque porro quisquam est, qui dolore ipsum quia dolor sit amet, consectetur adipisci velit, sed quia non incidunt lores ta porro ame. numquam eius modi tempora incidunt lores ta porro ame.		</p>
<p>The post <a rel="nofollow" href="/product/valentines-day-special-mug/">Valentine&#8217;s Day Special Mug</a> appeared first on <a rel="nofollow" href="">WebPRO</a>.</p>
]]></content:encoded>
										</item>
		<item>
		<title>Black Printed Coffee Mug</title>
		<link>/product/black-printed-coffee-mug/</link>
				<pubDate>Wed, 20 Jun 2018 07:13:55 +0000</pubDate>
		<dc:creator><![CDATA[Harold Sumbrana]]></dc:creator>
		
		<guid isPermaLink="false">http://localhost/harshad/?post_type=product&#038;p=241</guid>
				<description><![CDATA[<p>				Neque porro quisquam est, qui dolore ipsum quia dolor sit amet, consectetur adipisci velit, sed quia non incidunt lores ta porro ame. numquam eius modi tempora incidunt lores ta porro ame.		</p>
<p>The post <a rel="nofollow" href="/product/black-printed-coffee-mug/">Black Printed Coffee Mug</a> appeared first on <a rel="nofollow" href="">WebPRO</a>.</p>
]]></description>
								<content:encoded><![CDATA[<p>				Neque porro quisquam est, qui dolore ipsum quia dolor sit amet, consectetur adipisci velit, sed quia non incidunt lores ta porro ame. numquam eius modi tempora incidunt lores ta porro ame.		</p>
<p>The post <a rel="nofollow" href="/product/black-printed-coffee-mug/">Black Printed Coffee Mug</a> appeared first on <a rel="nofollow" href="">WebPRO</a>.</p>
]]></content:encoded>
										</item>
		<item>
		<title>White Printed Coffee Mug</title>
		<link>/product/white-printed-coffee-mug/</link>
				<pubDate>Wed, 20 Jun 2018 07:04:07 +0000</pubDate>
		<dc:creator><![CDATA[Harold Sumbrana]]></dc:creator>
		
		<guid isPermaLink="false">http://localhost/harshad/?post_type=product&#038;p=240</guid>
				<description><![CDATA[<p>				Neque porro quisquam est, qui dolore ipsum quia dolor sit amet, consectetur adipisci velit, sed quia non incidunt lores ta porro ame. numquam eius modi tempora incidunt lores ta porro ame.		</p>
<p>The post <a rel="nofollow" href="/product/white-printed-coffee-mug/">White Printed Coffee Mug</a> appeared first on <a rel="nofollow" href="">WebPRO</a>.</p>
]]></description>
								<content:encoded><![CDATA[<p>				Neque porro quisquam est, qui dolore ipsum quia dolor sit amet, consectetur adipisci velit, sed quia non incidunt lores ta porro ame. numquam eius modi tempora incidunt lores ta porro ame.		</p>
<p>The post <a rel="nofollow" href="/product/white-printed-coffee-mug/">White Printed Coffee Mug</a> appeared first on <a rel="nofollow" href="">WebPRO</a>.</p>
]]></content:encoded>
										</item>
		<item>
		<title>Motorcycle Repair Shop Violet Printed Tshirt</title>
		<link>/product/motorcycle-repair-shop-violet-printed-tshirt/</link>
				<pubDate>Tue, 19 Jun 2018 13:53:16 +0000</pubDate>
		<dc:creator><![CDATA[Harold Sumbrana]]></dc:creator>
		
		<guid isPermaLink="false">http://localhost/harshad/?post_type=product&#038;p=174</guid>
				<description><![CDATA[<p>				Neque porro quisquam est, qui dolore ipsum quia dolor sit amet, consectetur adipisci velit, sed quia non incidunt lores ta porro ame. numquam eius modi tempora incidunt lores ta porro ame.		</p>
<p>The post <a rel="nofollow" href="/product/motorcycle-repair-shop-violet-printed-tshirt/">Motorcycle Repair Shop Violet Printed Tshirt</a> appeared first on <a rel="nofollow" href="">WebPRO</a>.</p>
]]></description>
								<content:encoded><![CDATA[<p>				Neque porro quisquam est, qui dolore ipsum quia dolor sit amet, consectetur adipisci velit, sed quia non incidunt lores ta porro ame. numquam eius modi tempora incidunt lores ta porro ame.		</p>
<p>The post <a rel="nofollow" href="/product/motorcycle-repair-shop-violet-printed-tshirt/">Motorcycle Repair Shop Violet Printed Tshirt</a> appeared first on <a rel="nofollow" href="">WebPRO</a>.</p>
]]></content:encoded>
										</item>
		<item>
		<title>Coffee Printed Brown Tshirt</title>
		<link>/product/coffee-printed-brown-tshirt/</link>
				<pubDate>Tue, 19 Jun 2018 13:46:05 +0000</pubDate>
		<dc:creator><![CDATA[Harold Sumbrana]]></dc:creator>
		
		<guid isPermaLink="false">http://localhost/harshad/?post_type=product&#038;p=171</guid>
				<description><![CDATA[<p>				Neque porro quisquam est, qui dolore ipsum quia dolor sit amet, consectetur adipisci velit, sed quia non incidunt lores ta porro ame. numquam eius modi tempora incidunt lores ta porro ame.		</p>
<p>The post <a rel="nofollow" href="/product/coffee-printed-brown-tshirt/">Coffee Printed Brown Tshirt</a> appeared first on <a rel="nofollow" href="">WebPRO</a>.</p>
]]></description>
								<content:encoded><![CDATA[<p>				Neque porro quisquam est, qui dolore ipsum quia dolor sit amet, consectetur adipisci velit, sed quia non incidunt lores ta porro ame. numquam eius modi tempora incidunt lores ta porro ame.		</p>
<p>The post <a rel="nofollow" href="/product/coffee-printed-brown-tshirt/">Coffee Printed Brown Tshirt</a> appeared first on <a rel="nofollow" href="">WebPRO</a>.</p>
]]></content:encoded>
										</item>
		<item>
		<title>Dark Teal Printed Tshirt</title>
		<link>/product/motorcycle-repair-shop-dark-teal-printed-tshirt/</link>
				<pubDate>Tue, 19 Jun 2018 13:45:22 +0000</pubDate>
		<dc:creator><![CDATA[Harold Sumbrana]]></dc:creator>
		
		<guid isPermaLink="false">http://localhost/harshad/?post_type=product&#038;p=170</guid>
				<description><![CDATA[<p>				Neque porro quisquam est, qui dolore ipsum quia dolor sit amet, consectetur adipisci velit, sed quia non incidunt lores ta porro ame. numquam eius modi tempora incidunt lores ta porro ame.		</p>
<p>The post <a rel="nofollow" href="/product/motorcycle-repair-shop-dark-teal-printed-tshirt/">Dark Teal Printed Tshirt</a> appeared first on <a rel="nofollow" href="">WebPRO</a>.</p>
]]></description>
								<content:encoded><![CDATA[<p>				Neque porro quisquam est, qui dolore ipsum quia dolor sit amet, consectetur adipisci velit, sed quia non incidunt lores ta porro ame. numquam eius modi tempora incidunt lores ta porro ame.		</p>
<p>The post <a rel="nofollow" href="/product/motorcycle-repair-shop-dark-teal-printed-tshirt/">Dark Teal Printed Tshirt</a> appeared first on <a rel="nofollow" href="">WebPRO</a>.</p>
]]></content:encoded>
										</item>
		<item>
		<title>Typography Teal Printed Tshirt</title>
		<link>/product/typography-teal-printed-tshirt/</link>
				<pubDate>Tue, 19 Jun 2018 13:44:08 +0000</pubDate>
		<dc:creator><![CDATA[Harold Sumbrana]]></dc:creator>
		
		<guid isPermaLink="false">http://localhost/harshad/?post_type=product&#038;p=169</guid>
				<description><![CDATA[<p>				Neque porro quisquam est, qui dolore ipsum quia dolor sit amet, consectetur adipisci velit, sed quia non incidunt lores ta porro ame. numquam eius modi tempora incidunt lores ta porro ame.		</p>
<p>The post <a rel="nofollow" href="/product/typography-teal-printed-tshirt/">Typography Teal Printed Tshirt</a> appeared first on <a rel="nofollow" href="">WebPRO</a>.</p>
]]></description>
								<content:encoded><![CDATA[<p>				Neque porro quisquam est, qui dolore ipsum quia dolor sit amet, consectetur adipisci velit, sed quia non incidunt lores ta porro ame. numquam eius modi tempora incidunt lores ta porro ame.		</p>
<p>The post <a rel="nofollow" href="/product/typography-teal-printed-tshirt/">Typography Teal Printed Tshirt</a> appeared first on <a rel="nofollow" href="">WebPRO</a>.</p>
]]></content:encoded>
										</item>
		<item>
		<title>Red Printed Tshirt</title>
		<link>/product/rockstar-legend-red-printed-tshirt/</link>
				<pubDate>Tue, 19 Jun 2018 13:42:19 +0000</pubDate>
		<dc:creator><![CDATA[Harold Sumbrana]]></dc:creator>
		
		<guid isPermaLink="false">http://localhost/harshad/?post_type=product&#038;p=168</guid>
				<description><![CDATA[<p>				Neque porro quisquam est, qui dolore ipsum quia dolor sit amet, consectetur adipisci velit, sed quia non incidunt lores ta porro ame. numquam eius modi tempora incidunt lores ta porro ame.		</p>
<p>The post <a rel="nofollow" href="/product/rockstar-legend-red-printed-tshirt/">Red Printed Tshirt</a> appeared first on <a rel="nofollow" href="">WebPRO</a>.</p>
]]></description>
								<content:encoded><![CDATA[<p>				Neque porro quisquam est, qui dolore ipsum quia dolor sit amet, consectetur adipisci velit, sed quia non incidunt lores ta porro ame. numquam eius modi tempora incidunt lores ta porro ame.		</p>
<p>The post <a rel="nofollow" href="/product/rockstar-legend-red-printed-tshirt/">Red Printed Tshirt</a> appeared first on <a rel="nofollow" href="">WebPRO</a>.</p>
]]></content:encoded>
										</item>
	</channel>
</rss>
