<?xml version="1.0" encoding="UTF-8"?><rss version="2.0"
	xmlns:content="http://purl.org/rss/1.0/modules/content/"
	xmlns:wfw="http://wellformedweb.org/CommentAPI/"
	xmlns:dc="http://purl.org/dc/elements/1.1/"
	xmlns:atom="http://www.w3.org/2005/Atom"
	xmlns:sy="http://purl.org/rss/1.0/modules/syndication/"
	xmlns:slash="http://purl.org/rss/1.0/modules/slash/"
	>

<channel>
	<title>WebPRO</title>
	<atom:link href="/feed/" rel="self" type="application/rss+xml" />
	<link></link>
	<description></description>
	<lastBuildDate>2019-09-06 10:33:39</lastBuildDate>
	<language>en-US</language>
	<sy:updatePeriod>
	hourly	</sy:updatePeriod>
	<sy:updateFrequency>
	1	</sy:updateFrequency>
	<generator>https://wordpress.org/?v=5.2.3</generator>

<image>
	<url>/wp-content/uploads/2019/09/cropped-mylogo-1-32x32.png</url>
	<title>WebPRO</title>
	<link></link>
	<width>32</width>
	<height>32</height>
</image> 
</channel>
</rss>
