<?xml version="1.0" encoding="UTF-8"?><rss version="2.0"
	xmlns:content="http://purl.org/rss/1.0/modules/content/"
	xmlns:wfw="http://wellformedweb.org/CommentAPI/"
	xmlns:dc="http://purl.org/dc/elements/1.1/"
	xmlns:atom="http://www.w3.org/2005/Atom"
	xmlns:sy="http://purl.org/rss/1.0/modules/syndication/"
	xmlns:slash="http://purl.org/rss/1.0/modules/slash/"
	>

<channel>
	<title>Tshirts &#8211; WebPRO</title>
	<atom:link href="/product-category/tshirts/feed/" rel="self" type="application/rss+xml" />
	<link></link>
	<description></description>
	<lastBuildDate>Tue, 19 Jun 2018 13:53:16 +0000</lastBuildDate>
	<language>en-US</language>
	<sy:updatePeriod>
	hourly	</sy:updatePeriod>
	<sy:updateFrequency>
	1	</sy:updateFrequency>
	<generator>https://wordpress.org/?v=5.2.3</generator>

<image>
	<url>/wp-content/uploads/2019/09/cropped-mylogo-1-32x32.png</url>
	<title>Tshirts &#8211; WebPRO</title>
	<link></link>
	<width>32</width>
	<height>32</height>
</image> 
	<item>
		<title>Motorcycle Repair Shop Violet Printed Tshirt</title>
		<link>/product/motorcycle-repair-shop-violet-printed-tshirt/</link>
				<pubDate>Tue, 19 Jun 2018 13:53:16 +0000</pubDate>
		<dc:creator><![CDATA[Harold Sumbrana]]></dc:creator>
		
		<guid isPermaLink="false">http://localhost/harshad/?post_type=product&#038;p=174</guid>
				<description><![CDATA[<p>				Neque porro quisquam est, qui dolore ipsum quia dolor sit amet, consectetur adipisci velit, sed quia non incidunt lores ta porro ame. numquam eius modi tempora incidunt lores ta porro ame.		</p>
<p>The post <a rel="nofollow" href="/product/motorcycle-repair-shop-violet-printed-tshirt/">Motorcycle Repair Shop Violet Printed Tshirt</a> appeared first on <a rel="nofollow" href="">WebPRO</a>.</p>
]]></description>
								<content:encoded><![CDATA[<p>				Neque porro quisquam est, qui dolore ipsum quia dolor sit amet, consectetur adipisci velit, sed quia non incidunt lores ta porro ame. numquam eius modi tempora incidunt lores ta porro ame.		</p>
<p>The post <a rel="nofollow" href="/product/motorcycle-repair-shop-violet-printed-tshirt/">Motorcycle Repair Shop Violet Printed Tshirt</a> appeared first on <a rel="nofollow" href="">WebPRO</a>.</p>
]]></content:encoded>
										</item>
		<item>
		<title>Coffee Printed Brown Tshirt</title>
		<link>/product/coffee-printed-brown-tshirt/</link>
				<pubDate>Tue, 19 Jun 2018 13:46:05 +0000</pubDate>
		<dc:creator><![CDATA[Harold Sumbrana]]></dc:creator>
		
		<guid isPermaLink="false">http://localhost/harshad/?post_type=product&#038;p=171</guid>
				<description><![CDATA[<p>				Neque porro quisquam est, qui dolore ipsum quia dolor sit amet, consectetur adipisci velit, sed quia non incidunt lores ta porro ame. numquam eius modi tempora incidunt lores ta porro ame.		</p>
<p>The post <a rel="nofollow" href="/product/coffee-printed-brown-tshirt/">Coffee Printed Brown Tshirt</a> appeared first on <a rel="nofollow" href="">WebPRO</a>.</p>
]]></description>
								<content:encoded><![CDATA[<p>				Neque porro quisquam est, qui dolore ipsum quia dolor sit amet, consectetur adipisci velit, sed quia non incidunt lores ta porro ame. numquam eius modi tempora incidunt lores ta porro ame.		</p>
<p>The post <a rel="nofollow" href="/product/coffee-printed-brown-tshirt/">Coffee Printed Brown Tshirt</a> appeared first on <a rel="nofollow" href="">WebPRO</a>.</p>
]]></content:encoded>
										</item>
		<item>
		<title>Dark Teal Printed Tshirt</title>
		<link>/product/motorcycle-repair-shop-dark-teal-printed-tshirt/</link>
				<pubDate>Tue, 19 Jun 2018 13:45:22 +0000</pubDate>
		<dc:creator><![CDATA[Harold Sumbrana]]></dc:creator>
		
		<guid isPermaLink="false">http://localhost/harshad/?post_type=product&#038;p=170</guid>
				<description><![CDATA[<p>				Neque porro quisquam est, qui dolore ipsum quia dolor sit amet, consectetur adipisci velit, sed quia non incidunt lores ta porro ame. numquam eius modi tempora incidunt lores ta porro ame.		</p>
<p>The post <a rel="nofollow" href="/product/motorcycle-repair-shop-dark-teal-printed-tshirt/">Dark Teal Printed Tshirt</a> appeared first on <a rel="nofollow" href="">WebPRO</a>.</p>
]]></description>
								<content:encoded><![CDATA[<p>				Neque porro quisquam est, qui dolore ipsum quia dolor sit amet, consectetur adipisci velit, sed quia non incidunt lores ta porro ame. numquam eius modi tempora incidunt lores ta porro ame.		</p>
<p>The post <a rel="nofollow" href="/product/motorcycle-repair-shop-dark-teal-printed-tshirt/">Dark Teal Printed Tshirt</a> appeared first on <a rel="nofollow" href="">WebPRO</a>.</p>
]]></content:encoded>
										</item>
		<item>
		<title>Typography Teal Printed Tshirt</title>
		<link>/product/typography-teal-printed-tshirt/</link>
				<pubDate>Tue, 19 Jun 2018 13:44:08 +0000</pubDate>
		<dc:creator><![CDATA[Harold Sumbrana]]></dc:creator>
		
		<guid isPermaLink="false">http://localhost/harshad/?post_type=product&#038;p=169</guid>
				<description><![CDATA[<p>				Neque porro quisquam est, qui dolore ipsum quia dolor sit amet, consectetur adipisci velit, sed quia non incidunt lores ta porro ame. numquam eius modi tempora incidunt lores ta porro ame.		</p>
<p>The post <a rel="nofollow" href="/product/typography-teal-printed-tshirt/">Typography Teal Printed Tshirt</a> appeared first on <a rel="nofollow" href="">WebPRO</a>.</p>
]]></description>
								<content:encoded><![CDATA[<p>				Neque porro quisquam est, qui dolore ipsum quia dolor sit amet, consectetur adipisci velit, sed quia non incidunt lores ta porro ame. numquam eius modi tempora incidunt lores ta porro ame.		</p>
<p>The post <a rel="nofollow" href="/product/typography-teal-printed-tshirt/">Typography Teal Printed Tshirt</a> appeared first on <a rel="nofollow" href="">WebPRO</a>.</p>
]]></content:encoded>
										</item>
		<item>
		<title>Red Printed Tshirt</title>
		<link>/product/rockstar-legend-red-printed-tshirt/</link>
				<pubDate>Tue, 19 Jun 2018 13:42:19 +0000</pubDate>
		<dc:creator><![CDATA[Harold Sumbrana]]></dc:creator>
		
		<guid isPermaLink="false">http://localhost/harshad/?post_type=product&#038;p=168</guid>
				<description><![CDATA[<p>				Neque porro quisquam est, qui dolore ipsum quia dolor sit amet, consectetur adipisci velit, sed quia non incidunt lores ta porro ame. numquam eius modi tempora incidunt lores ta porro ame.		</p>
<p>The post <a rel="nofollow" href="/product/rockstar-legend-red-printed-tshirt/">Red Printed Tshirt</a> appeared first on <a rel="nofollow" href="">WebPRO</a>.</p>
]]></description>
								<content:encoded><![CDATA[<p>				Neque porro quisquam est, qui dolore ipsum quia dolor sit amet, consectetur adipisci velit, sed quia non incidunt lores ta porro ame. numquam eius modi tempora incidunt lores ta porro ame.		</p>
<p>The post <a rel="nofollow" href="/product/rockstar-legend-red-printed-tshirt/">Red Printed Tshirt</a> appeared first on <a rel="nofollow" href="">WebPRO</a>.</p>
]]></content:encoded>
										</item>
		<item>
		<title>Yellow Printed Tshirt</title>
		<link>/product/rock-n-roll-yellow-printed-tshirt/</link>
				<pubDate>Tue, 19 Jun 2018 13:40:31 +0000</pubDate>
		<dc:creator><![CDATA[Harold Sumbrana]]></dc:creator>
		
		<guid isPermaLink="false">http://localhost/harshad/?post_type=product&#038;p=167</guid>
				<description><![CDATA[<p>				Neque porro quisquam est, qui dolore ipsum quia dolor sit amet, consectetur adipisci velit, sed quia non incidunt lores ta porro ame. numquam eius modi tempora incidunt lores ta porro ame.		</p>
<p>The post <a rel="nofollow" href="/product/rock-n-roll-yellow-printed-tshirt/">Yellow Printed Tshirt</a> appeared first on <a rel="nofollow" href="">WebPRO</a>.</p>
]]></description>
								<content:encoded><![CDATA[<p>				Neque porro quisquam est, qui dolore ipsum quia dolor sit amet, consectetur adipisci velit, sed quia non incidunt lores ta porro ame. numquam eius modi tempora incidunt lores ta porro ame.		</p>
<p>The post <a rel="nofollow" href="/product/rock-n-roll-yellow-printed-tshirt/">Yellow Printed Tshirt</a> appeared first on <a rel="nofollow" href="">WebPRO</a>.</p>
]]></content:encoded>
										</item>
		<item>
		<title>Printed Tshirt Coffee Black Color</title>
		<link>/product/printed-tshirt-coffee-black-color/</link>
				<pubDate>Tue, 19 Jun 2018 13:34:23 +0000</pubDate>
		<dc:creator><![CDATA[Harold Sumbrana]]></dc:creator>
		
		<guid isPermaLink="false">http://localhost/harshad/?post_type=product&#038;p=161</guid>
				<description><![CDATA[<p>				Neque porro quisquam est, qui dolore ipsum quia dolor sit amet, consectetur adipisci velit, sed quia non incidunt lores ta porro ame. numquam eius modi tempora incidunt lores ta porro ame.		</p>
<p>The post <a rel="nofollow" href="/product/printed-tshirt-coffee-black-color/">Printed Tshirt Coffee Black Color</a> appeared first on <a rel="nofollow" href="">WebPRO</a>.</p>
]]></description>
								<content:encoded><![CDATA[<p>				Neque porro quisquam est, qui dolore ipsum quia dolor sit amet, consectetur adipisci velit, sed quia non incidunt lores ta porro ame. numquam eius modi tempora incidunt lores ta porro ame.		</p>
<p>The post <a rel="nofollow" href="/product/printed-tshirt-coffee-black-color/">Printed Tshirt Coffee Black Color</a> appeared first on <a rel="nofollow" href="">WebPRO</a>.</p>
]]></content:encoded>
										</item>
		<item>
		<title>Printed Tshirt Purple Color</title>
		<link>/product/printed-tshirt-purple-color/</link>
				<pubDate>Tue, 19 Jun 2018 13:32:40 +0000</pubDate>
		<dc:creator><![CDATA[Harold Sumbrana]]></dc:creator>
		
		<guid isPermaLink="false">http://localhost/harshad/?post_type=product&#038;p=160</guid>
				<description><![CDATA[<p>				Neque porro quisquam est, qui dolore ipsum quia dolor sit amet, consectetur adipisci velit, sed quia non incidunt lores ta porro ame. numquam eius modi tempora incidunt lores ta porro ame.		</p>
<p>The post <a rel="nofollow" href="/product/printed-tshirt-purple-color/">Printed Tshirt Purple Color</a> appeared first on <a rel="nofollow" href="">WebPRO</a>.</p>
]]></description>
								<content:encoded><![CDATA[<p>				Neque porro quisquam est, qui dolore ipsum quia dolor sit amet, consectetur adipisci velit, sed quia non incidunt lores ta porro ame. numquam eius modi tempora incidunt lores ta porro ame.		</p>
<p>The post <a rel="nofollow" href="/product/printed-tshirt-purple-color/">Printed Tshirt Purple Color</a> appeared first on <a rel="nofollow" href="">WebPRO</a>.</p>
]]></content:encoded>
										</item>
		<item>
		<title>Printed Tshirt Pink Color</title>
		<link>/product/printed-tshirt-pink-color/</link>
				<pubDate>Tue, 19 Jun 2018 13:30:53 +0000</pubDate>
		<dc:creator><![CDATA[Harold Sumbrana]]></dc:creator>
		
		<guid isPermaLink="false">http://localhost/harshad/?post_type=product&#038;p=157</guid>
				<description><![CDATA[<p>				Neque porro quisquam est, qui dolore ipsum quia dolor sit amet, consectetur adipisci velit, sed quia non incidunt lores ta porro ame. numquam eius modi tempora incidunt lores ta porro ame.		</p>
<p>The post <a rel="nofollow" href="/product/printed-tshirt-pink-color/">Printed Tshirt Pink Color</a> appeared first on <a rel="nofollow" href="">WebPRO</a>.</p>
]]></description>
								<content:encoded><![CDATA[<p>				Neque porro quisquam est, qui dolore ipsum quia dolor sit amet, consectetur adipisci velit, sed quia non incidunt lores ta porro ame. numquam eius modi tempora incidunt lores ta porro ame.		</p>
<p>The post <a rel="nofollow" href="/product/printed-tshirt-pink-color/">Printed Tshirt Pink Color</a> appeared first on <a rel="nofollow" href="">WebPRO</a>.</p>
]]></content:encoded>
										</item>
		<item>
		<title>Printed Tshirt Coffee Color</title>
		<link>/product/printed-tshirt-coffee-color/</link>
				<pubDate>Tue, 19 Jun 2018 13:28:19 +0000</pubDate>
		<dc:creator><![CDATA[Harold Sumbrana]]></dc:creator>
		
		<guid isPermaLink="false">http://localhost/harshad/?post_type=product&#038;p=156</guid>
				<description><![CDATA[<p>				Neque porro quisquam est, qui dolore ipsum quia dolor sit amet, consectetur adipisci velit, sed quia non incidunt lores ta porro ame. numquam eius modi tempora incidunt lores ta porro ame.		</p>
<p>The post <a rel="nofollow" href="/product/printed-tshirt-coffee-color/">Printed Tshirt Coffee Color</a> appeared first on <a rel="nofollow" href="">WebPRO</a>.</p>
]]></description>
								<content:encoded><![CDATA[<p>				Neque porro quisquam est, qui dolore ipsum quia dolor sit amet, consectetur adipisci velit, sed quia non incidunt lores ta porro ame. numquam eius modi tempora incidunt lores ta porro ame.		</p>
<p>The post <a rel="nofollow" href="/product/printed-tshirt-coffee-color/">Printed Tshirt Coffee Color</a> appeared first on <a rel="nofollow" href="">WebPRO</a>.</p>
]]></content:encoded>
										</item>
	</channel>
</rss>
